gkz,name,nur Caritas?,Kategorie,Kinder insgesamt,Jänner: Kinder in Nachmittagsbetreuung,März: Kinder in Nachmittagsbetreuung,Differenz,Prozentuelle Änderung,Karte-Text,Telefonnummer
40101,Linz,Nein,Alles da,4565,4231,3835,-396,-9.359489482,"Linzer Tarifmodell: Familien zahlen maximal 54 Euro pro Monat. Keine Gebühr für einkommensschwache Familien. Abmeldungen in privaten Kindergärten:  129 Kinder (-6,3 %)",+43732 / 7070 - 0
40301,Wels,Nein,Alles da,1330,629,445,-184,-29.25278219,,+437242 / 235 - 0
40201,Steyr,Nein,Alles da,680,320,178,-142,-44.375,,+437252 / 575
41012,Leonding,Nein,Alles da,897,537,421,-116,-21.60148976,"Es handelt sich um 5 Kindergartengruppen, die weniger benötigt werden; Personalveränderung oder Schließungen lassen sich noch nicht beurteilen",+43732 / 6878 - 0
40705,Gmunden,Nein,Alles da,419,190,120,-70,-36.84210526,,+437612 / 794 - 0
40404,Braunau am Inn,Nein,Alles da,420,178,118,-60,-33.70786517,,+437722 / 808
41812,Marchtrenk,Ja,Alles da,716,265,208,-57,-21.50943396,,+437243 / 552 - 0
41701,Ampflwang im Hausruckwald,Nein,Alles da,n.v.,70,14,-56,-80,,+437675 / 4010
40711,Laakirchen,Nein,Alles da,n.v.,109,64,-45,-41.28440367,,+437613 / 8644 - 0
41713,Lenzing,Nein,Alles da,133,76,32,-44,-57.89473684,,+437672 / 92 9 55
40908,Micheldorf in Oberösterreich,Nein,Alles da,158,92,49,-43,-46.73913043,,+437582 / 61 2 50 - 0
40503,Eferding,Nein,Alles da,211,114,76,-38,-33.33333333,,+437272 / 5555 - 0
40601,Freistadt,Nein,Alles da,245,95,60,-35,-36.84210526,"In Freistadt gibt es ausschließlich private Betreiber für öffentliche Kindergärten. Dies ist die Pfarrcaritas für 11 Gruppen, eine Regelgruppe und eine heilpädagogische Gruppe betreibt die Lebenshilfe. Darüber hinaus gibt es eine private Betriebseinrichtung am Landeskrankenhaus. Antworten beziehen sich auf die 11+1 Regelgruppe.*",+437942 / 72 5 06
41005,Enns,Nein,Alles da,462,200,166,-34,-17,"Es gab 57 Abmeldungen, aber auch einige Anmeldungen. Vor der Einführung der Tarife gab es nur einen 5-Tages-Tarif, mittlerweile auch einen 2- und 3-Tages Tarif. Handelt sich bei allen Zahlen um Kinder ab 2,5 Jahren, da für alle unter diesem Alter andere Tarifbestimmungen herrschen.",+437223 / 82181
41017,Pasching,Nein,Alles da,274,149,115,-34,-22.81879195,,+437221 / 88 5 15
41601,Alberndorf in der Riedmark,Nein,Alles da,137,59,34,-25,-42.37288136,,+437235 / 7155 - 0
40421,Mattighofen,Nein,Alles da,230,64,42,-22,-34.375,"Zahlen der Nachmittagsbetreuung nur für Gemeindekindergärten, Gesamtzahl ist inkl. Caritas-Kindergärten.",+437742 / 2255 - 0
41709,Frankenburg am Hausruck,Nein,Alles da,145,42,20,-22,-52.38095238,Fehlende Flexbilität und Kosten als Gründe für Abmeldungen. ,+437683 / 5006
41344,Rohrbach-Berg,Nein,Alles da,n.v.,70,49,-21,-30,Daten der Caritas Kindergärten.,+437289 / 6255
41002,Ansfelden,Nein,Alles da,563,223,203,-20,-8.968609865,"Es gab zwar nur 20 Abmeldungen aber der Kindergarten hat dafür seine Öffnungszeiten geändert (von 8 bis 14 Uhr auf 7 bis 13 Uhr), weil man gesetzlich ab 13 Uhr zahlen müsste. 80 ehemalige 14-Uhr-Kinder haben sich also umgemeldet auf 7-13 Uhr-Kinder.",+437229 / 840 - 0
41318,Lembach im Mühlkreis,Nein,Alles da,70,32,12,-20,-62.5,,+437286 / 8255
41605,Engerwitzdorf,Nein,Alles da,283,165,146,-19,-11.51515152,"Neben den 19 Abmeldungen hat es 12 Ummeldungen gegeben, diese haben die Anzahl der Kinder in Nachmittagsbetreuung reduziert",+437235 / 66 9 55
41624,Steyregg,Nein,Alles da,170,90,71,-19,-21.11111111,Daten des Caritas-Kindergarten. Zusätzlich sind 9 Kinder seltener in Betreuung. ,+43732 / 64 01 55
40719,Scharnstein,Nein,Alles da,150,41,23,-18,-43.90243902,,+437615 / 2255
41117,Rechberg,Nein,Alles da,45,25,7,-18,-72,,+437264 / 4655
41323,Niederwaldkirchen,Nein,Alles da,81,39,22,-17,-43.58974359,,+437231 / 2515
41818,Schleißheim,Nein,Alles da,79,53,36,-17,-32.0754717,,+437242 / 42 4 20 - 0
40418,Lengau,Nein,Alles da,160,51,36,-15,-29.41176471,Grund war hauptsächlich Kostenpflichtigkeit.,+437746 / 2202
40703,Bad Ischl,Nein,Alles da,330,58,43,-15,-25.86206897,Kinder ingesamt sind eine Schätzung des Gemeindemitarbeiters.,+436132 / 301 - 0
40805,Gallspach,Nein,Alles da,100,40,25,-15,-37.5,,+437248 / 62 3 55 - 0
41514,Sankt Ulrich bei Steyr,Nein,Alles da,96,35,20,-15,-42.85714286,"2 Kindergärten: einer in Kleinraming, der andere in Sankt Ulrich bei Steyr. In Kleinraming waren 12 Kinder in der Nachmittagsbetreuung, dann wären es nur mehr 3-4 gewesen und die NB wurde eingestellt, in Sankt Ulrich waren es nur 3 Abmeldungen ca",+437252 / 53 3 03 - 0
41606,Feldkirchen an der Donau,Nein,Alles da,210,115,100,-15,-13.04347826,,+437233 / 7255 - 0
41614,Lichtenberg,Nein,Alles da,85,56,41,-15,-26.78571429,,+437239 / 6708
40713,Ohlsdorf,Ja,Alles da,n.v.,56,42,-14,-25,,+437612 / 47 2 55 - 0
40905,Kirchdorf an der Krems,Nein,Alles da,131,52,38,-14,-26.92307692,Abmeldungen wegen der Gebühren,+437582 / 62 2 38
41337,Sankt Veit im Mühlkreis,Nein,Alles da,55,37,23,-14,-37.83783784,,+437217 / 6055
41403,Brunnenthal,Nein,Alles da,70,32,18,-14,-43.75,,+437712 / 3055
41617,Ottensheim,Nein,Alles da,168,102,88,-14,-13.7254902,,+437234 / 82 2 55
40917,Schlierbach,Nein,Alles da,63,26,13,-13,-50,,+437582 / 81 2 55
41746,Vöcklabruck,Nein,Alles da,335,81,68,-13,-16.04938272,,+437672 / 760 - 0
41732,Rüstorf,Ja,Alles da,64,24,12,-12,-50,,+437673 / 2455
40441,Schalchen,Nein,Alles da,110,42,30,-12,-28.57142857,Abmeldung wegen Kosten,+437742 / 2555
40902,Grünburg,Nein,Alles da,109,34,22,-12,-35.29411765,,+437257 / 7255
41110,Luftenberg an der Donau,Nein,Alles da,141,72,60,-12,-16.66666667,,+437237 / 2231
41123,Saxen,Nein,Alles da,56,20,8,-12,-60,"2-4 Kinder täglich, nur Donnerstags 8. Für das aktuelle Schuljahr noch sichergestellt, unklar wie es im Herbst weitergeht.",+437269 / 355
41214,Mehrnbach,Nein,Alles da,64,29,17,-12,-41.37931034,,+437752 / 82 2 03 - 0
41430,Zell an der Pram,Nein,Alles da,65,24,12,-12,-50,Kinder gesamt variieren zwischen 60 und 70,+437764 / 83 55
41809,Holzhausen,Nein,Alles da,69,28,16,-12,-42.85714286,,+437243 / 57 1 55
40614,Pregarten,Nein,Alles da,147,56,45,-11,-19.64285714,,+437236 / 2255 - 0
41227,Sankt Marienkirchen am Hausruck,Nein,Alles da,33,11,0,-11,-100,"Nachmittagsbetreuung nur montags, ist jetzt aber weggefallen",+437753 / 2812
41402,Andorf,Nein,Alles da,150,29,18,-11,-37.93103448,,+437766 / 2255
40511,Scharten,Nein,Alles da,109,90,80,-10,-11.11111111,Abmeldung wegen Kosten,+437272 / 5255
41019,Pucking,Nein,Alles da,144,40,30,-10,-25,,+437229 / 88 9 11
41112,Mitterkirchen im Machland,Nein,Alles da,59,20,10,-10,-50,,+437269 / 8255 - 0
41226,Sankt Georgen bei Obernberg am Inn,Nein,Alles da,25,19,9,-10,-52.63157895,,+437758 / 2355
41819,Sipbachzell,Nein,Alles da,91,30,20,-10,-33.33333333,,+437240 / 8155 - 15
40835,Peuerbach,Nein,Alles da,56,17,7,-10,-58.82352941,,#N/A
40808,Grieskirchen,Nein,Alles da,211,27,18,-9,-33.33333333,"Tendenz wieder steigend, da Eltern merken, dass es doch kein allzu hoher Betrag ist",+437248 / 62255 - 0
41119,Sankt Georgen am Walde,Nein,Alles da,52,13,4,-9,-69.23076923,,+437954 / 3030
41618,Puchenau,Nein,Alles da,82,60,51,-9,-15,,+43732 / 22 10 55 - 0
41721,Oberwang,Nein,Alles da,60,19,10,-9,-47.36842105,,+436233 / 8217
41733,Rutzenham,Nein,Alles da,65,26,17,-9,-34.61538462,aus Kostengründen hauptsächlich,+437673 / 2445
41220,Ort im Innkreis,Nein,Alles da,51,17,8.5,-8.5,-50,,+437751 / 8314
41626,Walding,Nein,Alles da,135,60.5,52,-8.5,-14.04958678,,+437234 / 82 3 02
40913,Ried im Traunkreis,Nein,Alles da,100,17,9,-8,-47.05882353,Kindergarten hatte auch vorher schon nur eine gruppe gehabt und sperrt um 14.30 Uhr zu.,+437588 / 7255
41113,Münzbach,Nein,Alles da,78,13,5,-8,-61.53846154,,+437264 / 4555
41409,Esternberg,Nein,Alles da,56,14,6,-8,-57.14285714,,+437714 / 6655
41609,Gramastetten,Nein,Alles da,154,68,60,-8,-11.76470588,"Es gab vorher eine ""Schulanfänger NM Betreuung"" an einem Nachmittag, von der haben sich viele abgemeldet. Problematisch war es auch für die Krabbelgruppe, weil die Kinder schlafen von 12:30 bis 13:30 (ab 13 uhr zahlt man) also ist es den Eltern nicht möglich, die Kinder abzuholen und deshalb müssen sie zahlen - hat viel Unmut ausgelöst.",+437239 / 8155 - 0
41612,Herzogsdorf,Nein,Alles da,93,35,27,-8,-22.85714286,,+437231 / 2255 - 20
41720,Oberndorf bei Schwanenstadt,Nein,Alles da,54,16,8,-8,-50,,+437673 / 2356
41207,Geinberg,Nein,Alles da,56,12,4.3,-7.7,-64.16666667,,+437723 / 8155 - 0
41501,Adlwang,Nein,Alles da,77,25,17.5,-7.5,-30,"Fünf Kinder wurden abgemeldet, 3 Kinder sind jetzt weniger Tage da (2 bis 3 Tage).",+437258 / 7455
41204,Eberschwang,Ja,Alles da,88,27,20,-7,-25.92592593,,+437753 / 2255
40425,Moosdorf,Nein,Alles da,61,13,6,-7,-53.84615385,,+437748 / 2666 - 0
40504,Fraham,Nein,Alles da,69,22,15,-7,-31.81818182,,+437272 / 2315
40602,Grünbach,Nein,Alles da,73,35,28,-7,-20,"Abmeldungen, weil die Kinder nur bis 13:15 Uhr blieben - dafür zu hoher Beitrag. ",+437942 / 72 81 3 - 0
40607,Kefermarkt,Nein,Alles da,26,26,19,-7,-26.92307692,,+437947 / 5910
40901,Edlbach,Nein,Alles da,17,10,3,-7,-70,"vor der Einführung der Gebühren waren es je nach Woche 7-10 Kinder (war im Kindergarten immer sehr frei, wann die Kinder in NB gegangen sind), nächstes Jahr wird es keine NB mehr geben und die Hilfe vom Land ist schon dieses gestrichen worden, weil die Gruppe zu klein ist",+437562 / 5225
41122,Sankt Thomas am Blasenstein,Nein,Alles da,23,14,7,-7,-50,,+437265 / 5455
41321,Neufelden,Nein,Alles da,49,12,5,-7,-58.33333333,"Gründen größtenteils wegen Kosten, ab Herbst werden sie wieder 10 Kinder haben in Nachmittagsbetreuung",+437282 / 6255
41338,Sarleinsbach,Nein,Alles da,112,37,30,-7,-18.91891892,,+437283 / 8255
41522,Weyer,Nein,Alles da,105,22,15,-7,-31.81818182,Abmeldungen wegen der Kosten,+437355 / 6255
40821,Pollham,Nein,Alles da,30,11,4.5,-6.5,-59.09090909,,+437248 / 68 7 12
41716,Neukirchen an der Vöckla,Nein,Alles da,65,10.5,4.25,-6.25,-59.52380952,Durchschnittliche Werte: von 8-13 kinder vorher auf 3-5 kinder nachher.,+437682 / 7155
40406,Eggelsberg,Nein,Alles da,64,22,16,-6,-27.27272727,,+437748 / 2255
40612,Neumarkt im Mühlkreis,Nein,Alles da,102,39,33,-6,-15.38461538,"Viele Abmeldungen wegen Gebühren, aber auch Ummeldungen - z.B. Zwei-Tages-Tarif statt Fünf-Tages-Tarif",+437941 / 8255 - 0
40812,Kallham,Nein,Alles da,78,13,7,-6,-46.15384615,Viele Kinder waren nur Mittagessen und wurden wegen der Gebühren abgemeldet,+437733 / 7355
41305,Arnreit,Nein,Alles da,51,26,20,-6,-23.07692308,,+437282 / 7013
41312,Hofkirchen im Mühlkreis,Nein,Alles da,64,17,11,-6,-35.29411765,,+437285 / 7011 - 0
41811,Lambach,Nein,Alles da,107,36,30,-6,-16.66666667,Daten nur für Gemeinde-Kindergarten. ,+437245 / 28 3 55 - 0
40413,Helpfau-Uttendorf,Nein,keine Auskunft,,27,21,-6,-22.22222222,"Einige Abmeldungen wegen Gebühren, andere weil kein Bedarf mehr vorhanden. ",+437724 / 2016
41515,Schiedlberg,Nein,Alles da,52,12.5,7.25,-5.25,-42,,+437251 / 255
41620,Reichenthal,Ja,Alles da,50,13.5,8.5,-5,-37.03703704,Kinder aus Kostengründen abgemeldet.,+437214 / 7007
40414,Hochburg-Ach,Nein,Alles da,104,45,40,-5,-11.11111111,,+437727 / 2255
40437,Sankt Pantaleon,Nein,Alles da,95,29,24,-5,-17.24137931,,+436277 / 7990
40438,Sankt Peter am Hart,Nein,Alles da,66,20,15,-5,-25,Krabbelstube hat keine Nachmittagsbetreuung,+437722 / 62 8 43
40615,Rainbach im Mühlkreis,Nein,Alles da,120,40,35,-5,-12.5,,+437949 / 6255 - 0
40708,Gschwandt,Nein,Alles da,110,18,13,-5,-27.77777778,"Abmeldungen, weil viele Kinder nur einen Tag dort waren.",+437612 / 626 15 - 0
40718,Traunkirchen,Nein,Alles da,74,20,15,-5,-25,"Je nach Tag unterschiedlich viele Kinder (10-20), vorher je nach Tag (15-25). [nur die Kinder aus dem Kindergarten]",+437617 / 2255
40914,Rosenau am Hengstpaß,Nein,Alles da,15,15,10,-5,-33.33333333,Die zehn Kinder werden dann ab 12 zu unterscheidlichen Zeiten abgeholt.,+437566 / 255
41101,Allerheiligen im Mühlkreis,Nein,Alles da,45,15,10,-5,-33.33333333,,+437262 / 58 0 12
41108,Bad Kreuzen,Nein,Alles da,47,12,7,-5,-41.66666667,Ca. 45-50 Kinder insgesamt in Betreuung. Nach Einführung der Gebühren je nach Tag 7-8 Kinder in Nachmittagsbetreuung.,+437266 / 6255
41225,Ried im Innkreis,Nein,Alles da,165,59,54,-5,-8.474576271,,+437752 / 901 -0
41401,Altschwendt,Nein,Alles da,30,15,10,-5,-33.33333333,,+437762 / 2605
40416,Jeging,Nein,keine Betreuung/Kooperation,,10,5,-5,-50,,+437744 / 6209
40415,Höhnhart,Ja,Alles da,n.v.,24,20,-4,-16.66666667,,+437755 / 5115
40402,Aspach,Nein,Alles da,90,17,13,-4,-23.52941176,,+437755 / 7355
40434,Roßbach,Nein,Alles da,35,15,11,-4,-26.66666667,,+437724 / 8110
40443,Tarsdorf,Nein,Alles da,51,17,13,-4,-23.52941176,Abmeldung wegen Kosten,+436278 / 8103
40706,Gosau,Nein,Alles da,49,11,7,-4,-36.36363636,Zahl der Kinder insgesamt hat sich im Mai auf 49 erhöht. ,+436136 / 8821 - 0
40712,Obertraun,Nein,Alles da,16,7,3,-4,-57.14285714,Abmeldungen wegen der Kosten.,+436131 / 342
41015,Niederneukirchen,Nein,Alles da,77,35,31,-4,-11.42857143,,+437224 / 7155
41126,Windhaag bei Perg,Nein,Alles da,52,16,12,-4,-25,,+437264 / 4255
41604,Eidenberg,Nein,Alles da,76,24,20,-4,-16.66666667,,+437239 / 5055
41711,Gampern,Nein,Alles da,106,32,28,-4,-12.5,,+437682 / 8045
41722,Ottnang am Hausruck,Nein,Alles da,133,22,18,-4,-18.18181818,"2 Kindergärten: Kindergarten Thomasroith hatte 4 Abmeldungen. Das Problem ist, dass der Kiga bis 14 Uhr offen hat und die Eltern für eine Stunde Nachmittagsbetreuung bezahlen müssten. Anderer Kindergarten hat 66 Kinder insgesamt, 15 in Nachmittagsbetreuung - keine Veränderungen.",+437676 / 7255
41742,Tiefgraben,Nein,Alles da,95,36,32,-4,-11.11111111,,+436232 / 2265
41805,Eberstalzell,Nein,Alles da,125,50,46,-4,-8,Konnte keine Unterscheidung zwischen Kindergarten und Krabbelstube treffen.,+437241 / 5555
40609,Lasberg,Nein,Alles da,66,17,14,-3,-17.64705882,Abmeldungen wegen Kosten,+437947 / 7255 - 0
40818,Neumarkt im Hausruckkreis,Nein,Alles da,33,23,20,-3,-13.04347826,,+437733 / 7254
40827,Schlüßlberg,Nein,Alles da,110,17,14,-3,-17.64705882,,+437248 / 66 0 66 - 0
40832,Wallern an der Trattnach,Nein,Alles da,100,33,30,-3,-9.090909091,"Gab drei Abmeldungen, die alle nicht wegen der Gebühren stattgefunden haben (berufliche Veränderungen, etc.)",+437249 / 48 1 26 - 0
41006,Hargelsberg,Nein,Alles da,87,28,25,-3,-10.71428571,,+437225 / 7255
41125,Waldhausen im Strudengau,Nein,Alles da,86,13,10,-3,-23.07692308,,+437260 / 4505
41234,Waldzell,Nein,Alles da,82,18,15,-3,-16.66666667,"Von den 15: 6 aus Schildorn, 9 aus Waldzell",+437754 / 2255
41329,Neustift im Mühlkreis,Nein,Alles da,55,10,7,-3,-30,,+437284 / 8155
41335,Sankt Stefan am Walde,Nein,Alles da,26,8,5,-3,-37.5,Teilweise Kinder aus Afisl im Kindergarten; Betreuung nur an einem Nachmittag,+437216 / 7010 - 0
41513,Rohr im Kremstal,Nein,Alles da,60,18,15,-3,-16.66666667,,+437258 / 2207
41613,Kirchschlag bei Linz,Nein,Alles da,68,18,15,-3,-16.66666667,es sind zw. 9 und 21 Kinder anwesend (je nach tag),+437215 / 2285
40922,Wartberg an der Krems,Ja,Alles da,n.v.,12,10,-2,-16.66666667,,+437587 / 7055 - 0
40424,Moosbach,Nein,Alles da,34,13,11,-2,-15.38461538,Nur drei Tage Nachmittagsbetreuung (Di-Do) wegen geringer Nachfrage.,+437724 / 2857
40610,Leopoldschlag,Nein,Alles da,31,7,5,-2,-28.57142857,,+437949 / 8255 - 0
40618,Sankt Oswald bei Freistadt,Nein,Alles da,85,20,18,-2,-10,Abmeldungen aus finanziellen Gründen,+437945 / 7255
40807,Geboltskirchen,Nein,Alles da,40,15.5,13.5,-2,-12.90322581,"Nur Montag und Mittwoch - Montag vorher 12, jetzt 10; MIttwoch vorher 19, ,jetzt 17",+437732 / 3513
40833,Weibern,Nein,Alles da,65,20,18,-2,-10,"vor Einführung der Gebühren bedeutete die Anmeldung für die Nachmittagsbetreuung, dass die Kinder nicht fix an gewissen Tagen dort waren, sondern kommen konnten, wenn die Eltern mal keine Zeit hatten --> die beiden Abmeldungen waren Kinder, die dieses Angebot wahrgenommen haben",+437732 / 2555
41102,Arbing,Nein,Alles da,55,14,12,-2,-14.28571429,Abmeldungen wegen Gebühren,+437269 / 375 - 0
41109,Langenstein,Nein,Alles da,84,42,40,-2,-4.761904762,,+437237 / 2370
41209,Hohenzell,Nein,Alles da,58,26,24,-2,-7.692307692,Abmeldungen wegen der Gebühren,+437752 / 85 7 15
41232,Tumeltsham,Nein,Alles da,60,5,3,-2,-40,"Gemeinderat hat beschlossen, dass mit April eine flexible Betreuung eingeführt - dadurch ist von April bis Juli die Betreuung wieder kostenlos. Stundenmaß der Betreuuerinnen dennoch gekürzt",+437752 / 82 2 55
41317,Kollerschlag,Nein,Alles da,45,13,11,-2,-15.38461538,Betreuung von 1 auf 2 Nachmittage aufgestockt,+437287 / 8155
41325,Oepping,Nein,Alles da,39,16,14,-2,-12.5,,+437289 / 8235
41326,Peilstein im Mühlviertel,Nein,Alles da,63,16,14,-2,-12.5,,+437287 / 7203
41331,Sankt Johann am Wimberg,Nein,Alles da,36,14,12,-2,-14.28571429,"Die Herausforderung kommt im Herbst, weil dann die Kinder in die Schule kommen und wenn es nur noch 8 Kinder gibt muss der Kindergarten zusperren. ",+437217 / 7155
41334,Sankt Peter am Wimberg,Nein,Alles da,62,33,31,-2,-6.060606061,,+437282 / 8055 - 15
41410,Freinberg,Nein,Alles da,41,28,26,-2,-7.142857143,"Nachmittagsbetreuung beinhaltet Schulvorbereitungsprogramm. Auf Absprache mit Eltern blieben die meisten Kinder vorerst in NM-Betreuung. Ab Herbst kommt das Vorbereitungsprogramm i.d. Vormittag, dann wird mit mehr Abmeldungen gerechnet",+437713 / 8102
41516,Sierning,Nein,Alles da,62,23,21,-2,-8.695652174,,+437259 / 2255
41621,Sankt Gotthard im Mühlkreis,Nein,Alles da,40,17,15,-2,-11.76470588,Zwei Kinder wegen Malwerkstatt in der Nachmittagsbetreuung. Diese haben sich abgemeldet. ,+437234 / 87 0 55
41628,Vorderweißenbach,Nein,Alles da,80,24,22,-2,-8.333333333,,#N/A
41801,Aichkirchen,Nein,Alles da,20,6,4,-2,-33.33333333,"Zusammenhang mit Gebühren bei nur einer Abmeldung; Kooperation zwischen Aichkirchen, Neukirchen, Bachmanning; möglicherweise ab Herbst Auflösung Nachmittagsbetreuung, da bis jetzt nur 3 Anmeldungen; Betreuung nur bis 14:30",+437735 / 7366
41734,Sankt Georgen im Attergau,Nein,Alles da,66,21.5,20,-1.5,-6.976744186,Zahlen gelten nur für Gemeinde-Kindergarten. Sie haben auch noch Caritas-Kindergarten.,+437667 / 6255
40824,Sankt Agatha,Nein,Alles da,66,42,41,-1,-2.380952381,,+437277 / 8255 - 0
41324,Oberkappel,Nein,Alles da,43,9,8,-1,-11.11111111,Abmeldung nicht wegen Kosten sondern wegen Schwangerschaft,+437284 / 202 - 0
41405,Dorf an der Pram,Nein,Alles da,35,11,10,-1,-9.090909091,"Keine Kostengründe, sondern persönliche.",+437764 / 8455
41413,Münzkirchen,Nein,Alles da,84,11,10,-1,-9.090909091,,+437716 / 7255
41424,Sigharting,Nein,Alles da,30,12,11,-1,-8.333333333,Nachmittagsbetreuung nur an einem Tag,+437766 / 2405
41608,Goldwörth,Nein,Alles da,33,17,16,-1,-5.882352941,"Angegeben ist duchschnittliche Kinderzahl: am Di. sind es 19, am Mi. 7, am Do. 22",+437234 / 83 6 55
41718,Nußdorf am Attersee,Nein,Alles da,42,11,10,-1,-9.090909091,,+437666 / 8055
41727,Puchkirchen am Trattberg,Nein,Alles da,43,13,12,-1,-7.692307692,,+437682 / 7228
41735,Sankt Lorenz,Nein,Alles da,65,17,16,-1,-5.882352941,,+436232 / 2265
41741,Straß im Attergau,Nein,Alles da,41,14,13,-1,-7.142857143,Abmeldungen wegen der Kosten und weil es keinen Ein-Tages-Tarif gibt.,+437667 / 7112
41748,Weißenkirchen im Attergau,Nein,Alles da,42,7,6,-1,-14.28571429,,+437684 / 6355
41224,Reichersberg,Nein,Alles da,26,6.5,6,-0.5,-7.692307692,"Ein Tag 7 Kinder, ein Tag 6 Kinder",+437758 / 2315
40405,Burgkirchen,Nein,Alles da,65,24,24,0,0,Nicht alle Kinder sind fünf Tage anwesend (pro Tag 14-18 Kinder).,+437724 / 2212
40407,Feldkirchen bei Mattighofen,Nein,Alles da,62,13,13,0,0,Vorher schon Gebühren waren also nicht betroffen. VS+Kindergartenkinder in einer Gruppe,+437748 / 2365
40409,Geretsberg,Nein,Alles da,20,7.5,7.5,0,0,Nur ein Nachmittag pro Woche mit 5-10 Kindern. Eltern können sich flexibel eintragen. Ab September sind zwei Gruppen vorgesehen. Aktuell kooperation mit Ettelsberg.,+437748 / 7155
40430,Perwang am Grabensee,Nein,Alles da,,20,20,0,0,"Frust bei Eltern spürbar, aber keine Abmeldungen.",+436217 / 8247
40431,Pfaffstätt,Nein,Alles da,43,10,10,0,0,,+437742 / 2355
40439,Sankt Radegund,Nein,Alles da,22,12,12,0,0,Kindergartenkinder und Volksschulkinder sind gemeinsam in der NMB ( 12+5),+436278 / 200 55
40446,Weng im Innkreis,Nein,Alles da,,2.5,2.5,0,0,Keine Abmeldung. Gemeinde übernimmt bis neuem Kindergartenjahr die Kosten.,+437723 / 5055
40510,Sankt Marienkirchen an der Polsenz,Nein,Alles da,63,14,14,0,0,"An einem Tag 10-12 und an einem Tag 16-18. Mehr Eltern nutzen seit den Regelungen den zweiten Tag mit Nachmittagsbetreuung zusätzlich, da sie beide bezahlen müssen.",+437249 / 47 1 12 - 0
40619,Schönau im Mühlkreis,Nein,Alles da,56,11,11,0,0,,+437261 / 7255
40622,Unterweitersdorf,Nein,Alles da,72,33,33,0,0,,+437235 / 63 0 14
40623,Waldburg,Nein,Alles da,50,10,10,0,0,"Nachmittagsbetreuung nur an zwei Tagen. (1x 11 Kinder, 1x 10 Kinder). Gemeinde hat einen Tagestarif eingeführt (nach Eigenangaben gegen den Willen des Landes)",+437942 / 8300
40625,Weitersfelden,Nein,Alles da,35,5,5,0,0,Nur ein Tag pro Woche Nachmittagsbetreuung,+437952 / 6255 - 0
40709,Hallstatt,Nein,Alles da,16,7,7,0,0,,+436134 / 8255 - 0
40714,Pinsdorf,Nein,Alles da,128,38,38,0,0,,+437612 / 639 55
40717,Sankt Wolfgang im Salzkammergut,Nein,Alles da,45,12.5,12.5,0,0,,+436138 / 2312 - 0
40801,Aistersheim,Nein,Alles da,36,12,12,0,0,"Gemeinde übernimt alle Elternbeiträge, deshalb keine Abmeldungen. ",+437734 / 2855
40810,Heiligenberg,Nein,Alles da,18,7.5,7.5,0,0,"Keine Änderung, variiert täglich zwischen 5 und 10 Kinder",+437277 / 2293 - 0
40815,Michaelnbach,Nein,Alles da,37,8,8,0,0,"Seit drei Jahren gibt es eine Nachmittagsbetreuung bei der eine Tagesmutter im Kindergarten die Kinder betreut. War schon kostenpflichtig, dadurch betrifft das neue Gesetz den Kindergarten nicht",+437277 / 2555
40816,Natternbach,Nein,Alles da,74,13,13,0,0,"Je nach Tag verschiedene Anzahl von Kindern min. 12 max. 15, gab keine Abmeldungen wegen Gebühren.",+437278 / 8255 - 0
40825,Sankt Georgen bei Grieskirchen,Nein,Alles da,56,20,20,0,0,Kinder in Grieskirchen,+437248 / 62 4 63
40826,Sankt Thomas,Nein,Alles da,86,12,12,0,0,"Kinder werden von Tagesmüttern betreut, nicht reguläre Nachmittags-Betreuung",+437277 / 7212
40834,Wendling,Nein,Alles da,23,9,9,0,0,"Gab seither eine An- und eine Abmeldung, die nichts mit der Einführung der Gebühren zu tun hatten",+437736 / 6191 - 0
40903,Hinterstoder,Nein,Alles da,15,7,7,0,0,,+437564 / 5255 - 0
40907,Kremsmünster,Nein,Alles da,200,100,100,0,0,,+437583 / 5255
40910,Nußbach,Nein,Alles da,75,18,18,0,0,,+437587 / 8255 - 14
40915,Roßleithen,Nein,Alles da,65,10,10,0,0,,+437562 / 5230
41007,Hörsching,Nein,Alles da,127,36,36,0,0,"Für Nachmittagsbetreuung war immer eine Arbeitszeitbestätigung notwendig, dh. war Abmeldung für die meisten Eltern keine Option, allerdings gab es Ummeldungen auf weniger Nachmittage",+43 7221 / 72 1 55
41104,Dimbach,Nein,Alles da,23,4,4,0,0,,+437260 / 7507
41107,Klam,Nein,Alles da,26,5,5,0,0,,+437269 / 7255
41115,Pabneukirchen,Nein,Alles da,58,24,24,0,0,"Do & Di Nachmittagsbetreuung, Di 16, Do 26, genausoviele Abmeldungen wie Anmeldungen (2), diese aber wegen der Gebühren",+437265 / 5255
41201,Andrichsfurt,Nein,Alles da,32,8,8,0,0,Nachmittagsbetreuung über Verein Tagesmutter geführt und war immer schon kostenpflichtig,+437750 / 3213
41211,Kirchheim im Innkreis,Nein,Alles da,24,5,5,0,0,Fünf Kinder bei Tagesmüttern am Nachmittag.,+437755 / 6415
41213,Lohnsburg am Kobernaußerwald,Nein,Alles da,60,12,12,0,0,"Zwei Abmeldungen aus Kostengründen, es gab aber auch wieder zwei Anmeldungen",+437754 / 4110-0
41215,Mettmach,Nein,Alles da,82,39,39,0,0,,+437755 / 7255
41219,Obernberg am Inn,Nein,Alles da,42,11,11,0,0,,+437758 / 2255 - 0
41310,Helfenberg,Nein,Alles da,40,10,10,0,0,"Keine Änderungen, Kinder aus Ahorn sind dabei",+437216 / 7013
41512,Reichraming,Nein,Alles da,41,6,6,0,0,"Es gab schon vorher eine von der Gemeinde geregelte, kostenpflichtige, private Nachmittagsbetreuung. Deshalb gab es keine Umstellung.",+437255 / 6600
41615,Oberneukirchen,Nein,Alles da,104,39,39,0,0,,+437212 / 7055
41719,Oberhofen am Irrsee,Nein,Alles da,53,16,16,0,0,,+436213 / 8215 - 0
41723,Pfaffing,Nein,Alles da,38,14,14,0,0,"Bis Juli übernimmt die Gemeinde die Kosten für die Nachmittagsbetreuung, die Gemeinde schätzt dass sich sonst schon 6-7 Kinder abgemeldet hätten",+437682 / 6355
41743,Timelkam,Nein,Alles da,85,23,23,0,0,"Drei Kinder abgemeldet, gleichzeitig drei angemeldet. ",+437672 / 95 1 05 - 0
41745,Unterach am Attersee,Nein,Alles da,39,15,15,0,0,"Abmeldung von einzelnen Tagen, aber keine kompletten Abmeldungen.",+437665 / 8255
41810,Krenglbach,Nein,Alles da,194,33,33,0,0,,+437249 / 46013
40412,Handenberg,Nein,keine Auskunft,,,,0,,,+437748 / 8085 - 0
40501,Alkoven,Nein,keine Auskunft,,,,0,,,+437274 / 8000
40502,Aschach an der Donau,Nein,keine Auskunft,,,,0,,,+437273 / 6355
40507,Hinzenbach,Nein,keine Auskunft,,4,4,0,0,"Nur von 13:30 bis 14:00, Kinder nur 2-3 Tage in Betreuung",+437272 / 2460
40611,Liebenau,Nein,keine Auskunft,,,,0,,,+437953 / 8111 - 0
40626,Windhaag bei Freistadt,Nein,keine Auskunft,,,,0,,,+437943 / 6111
40704,Ebensee,Nein,keine Auskunft,,,,0,,,+436133 / 7051
40710,Kirchham,Nein,keine Auskunft,,13,13,0,0,"Zwei Abmeldungen wegen Gebühren, aber zwei Anmeldungen zusätzlich.",+437619 / 2015
40716,Sankt Konrad,Nein,keine Auskunft,,,,0,,Kindergarten vier Mal kontaktiert. Keine Rückmeldung.,+437615 / 8029
40720,Vorchdorf,Nein,keine Auskunft,,,,0,,"Keine signifikante Veränderung; Amtsleiter behauptet, keine finanziellen Hintergründe bei etwaigen Abmeldungen",+437614 / 6555
40822,Pram,Nein,keine Auskunft,,,,0,,,+437736 / 6255
40829,Taufkirchen an der Trattnach,Nein,keine Auskunft,,,,0,,,+437734 / 4010
40909,Molln,Nein,keine Auskunft,,,,0,,,+437584 / 2255
40921,Vorderstoder,Nein,keine Auskunft,,,,0,,,+437564 / 8255
41001,Allhaming,Nein,keine Auskunft,,,,0,,,+437227 / 71 55
41003,Asten,Nein,keine Auskunft,,,,0,,,+437224 / 66381 - 0
41010,Kirchberg-Thening,Nein,keine Auskunft,,,,0,,,+437221 / 63 0 03
41011,Kronstorf,Nein,keine Auskunft,,,,0,,,+437225 / 8256 - 10
41016,Oftering,Nein,keine Auskunft,,,,0,,,+437221 / 63 5 41
41021,Traun,Nein,keine Auskunft,,,,0,,,+437229 / 688 - 0
41103,Baumgartenberg,Nein,keine Auskunft,,,,0,,,+437269 / 255
41124,Schwertberg,Nein,keine Auskunft,104,,,0,,,+437262 / 61 1 55
41205,Eitzing,Nein,keine Auskunft,,,,0,,,+437752 / 83 0 37
41210,Kirchdorf am Inn,Nein,keine Auskunft,,,,0,,,+437758 / 2815
41218,Neuhofen im Innkreis,Nein,keine Auskunft,,,,0,,Datenschutzbedenken,+437752 / 82155
41231,Taiskirchen im Innkreis,Nein,keine Auskunft,,,,0,,Nähere Infos bei Kindergarten - dort trotz mehrfachen Versuch keine Rückmeldung.,+437764 / 8257-0
41313,Julbach,Nein,keine Auskunft,,,,0,,,+437288 / 8155
41343,Aigen-Schlägl,Nein,keine Auskunft,,,,0,,,+437281 / 6255
41414,Raab,Nein,keine Auskunft,,,,0,,,+437762 / 2255
41416,Riedau,Nein,keine Auskunft,,,,0,,,+437764 / 8255
41417,Sankt Aegidi,Nein,keine Auskunft,,,,0,,,+437717 / 7355
41419,Sankt Marienkirchen bei Schärding,Nein,keine Auskunft,,,,0,,,+437711 / 2254 - 0
41422,Schärding,Nein,keine Auskunft,,,,0,,,+437712 / 3154
41426,Taufkirchen an der Pram,Nein,keine Auskunft,,,,0,,wollen die Daten nicht geben,+437719 / 7255
41504,Dietach,Nein,keine Auskunft,,,,0,,,+437252 / 38 0 01
41508,Laussa,Nein,keine Auskunft,,,,0,,,+437255 / 7255
41510,Maria Neustift,Nein,keine Auskunft,,,,0,,,+437250 / 625
41607,Gallneukirchen,Nein,keine Auskunft,,,,0,,,+437235 / 63155
41619,Reichenau im Mühlkreis,Nein,keine Auskunft,,,,0,,Kinder aus Haibach im Mühlkreis und Ottenschlag im Mühlkreis sind hier.,+437211 / 8255 - 0
41627,Zwettl an der Rodl,Nein,keine Auskunft,,,,0,,,+437212 / 6555
41703,Attnang-Puchheim,Nein,keine Auskunft,,,,0,,"Konkrete Daten von Abmeldungen konnte sie nicht sagen, die kriegt sie erst nach ostern von den kindergärten. aber einer der drei Kindergärten, der private, musste die Nachmittagsbetreuung schließen weil es zu wenige Kinder gab also viele Abmeldungen (wenn auch keine konkreten Zahlen)",+437674 / 615 - 0
41739,Seewalchen am Attersee,Nein,keine Auskunft,,,,0,,,+437662 / 4491 - 0
41804,Buchkirchen,Nein,keine Auskunft,,,,0,,,+437242 / 28 0 05
41806,Edt bei Lambach,Nein,keine Auskunft,,,,0,,,+437245 / 28991
41807,Fischlham,Nein,keine Auskunft,,,,0,,,+437241 / 2203
41808,Gunskirchen,Nein,keine Auskunft,,,,0,,,+437246 / 6255
41813,Neukirchen bei Lambach,Nein,keine Auskunft,,,,0,,,+437245 / 27 0 55
41814,Offenhausen,Nein,keine Auskunft,,,,0,,,+437247 / 6155
41824,Weißkirchen an der Traun,Nein,keine Auskunft,,,,0,,,+437243 / 56 1 55 - 0
40401,Altheim,Ja,Caritas oder andere private Erhalter,,,,0,,,+437723 / 42255
40419,Lochen am See,Ja,Caritas oder andere private Erhalter,,,,0,,,+437745 / 8255
40422,Mauerkirchen,Ja,Caritas oder andere private Erhalter,,,,0,,,+437724 / 2855
40426,Munderfing,Ja,Caritas oder andere private Erhalter,,,,0,,,+437744 / 6255
40427,Neukirchen an der Enknach,Ja,Caritas oder andere private Erhalter,,,,0,,,+437729 / 2255 - 0
40428,Ostermiething,Ja,Caritas oder andere private Erhalter,,,,0,,,+436278 / 6255
40508,Prambachkirchen,Ja,Caritas oder andere private Erhalter,,,,0,,,+437277 / 2302 - 0
40603,Gutau,Ja,Caritas oder andere private Erhalter,,,,0,,,+437946 / 6255
40604,Hagenberg im Mühlkreis,Ja,Caritas oder andere private Erhalter,,,,0,,,+437236 / 2318 - 0
40605,Hirschbach im Mühlkreis,Ja,Caritas oder andere private Erhalter,,,,0,,,+437948 / 8701 - 0
40620,Tragwein,Ja,Caritas oder andere private Erhalter,,,,0,,,+437263 / 86055
40621,Unterweißenbach,Ja,Caritas oder andere private Erhalter,,,,0,,,+437956 / 7255 - 0
40624,Wartberg ob der Aist,Ja,Caritas oder andere private Erhalter,,,,0,,,+437236 / 3700
40627,Bad Zell,Ja,Caritas oder andere private Erhalter,,,,0,,,+437263 / 7255
40701,Altmünster,Ja,Caritas oder andere private Erhalter,,,,0,,,+437612 / 87611
40702,Bad Goisern am Hallstättersee,Ja,Caritas oder andere private Erhalter,,,,0,,,+436135 / 8301 - 0
40707,Grünau im Almtal,Ja,Caritas oder andere private Erhalter,,,,0,,,+437616 / 8255 - 0
40802,Bad Schallerbach,Ja,Caritas oder andere private Erhalter,,,,0,,,+437249 / 48 5 55
40806,Gaspoltshofen,Ja,Caritas oder andere private Erhalter,,,,0,,,+437735 / 6954
40809,Haag am Hausruck,Ja,Caritas oder andere private Erhalter,,,,0,,,+437732 / 2255
40811,Hofkirchen an der Trattnach,Ja,Caritas oder andere private Erhalter,,,,0,,"Viele Kinder nur einen Nachmittag in Betreuung, aber zwei waren zu bezahlen - daher mehr Kinder in der Betreuung geworden. ",+437734 / 2255
40813,Kematen am Innbach,Ja,Caritas oder andere private Erhalter,,,,0,,Caritas für Kinderbetreuung zuständig,+437247 / 6655
40817,Neukirchen am Walde,Ja,Caritas oder andere private Erhalter,,,,0,,,+437278 / 3255
40831,Waizenkirchen,Ja,Caritas oder andere private Erhalter,,,,0,,"Caritas, nicht betroffen von den Gebühren",+437277 / 2255
40912,Pettenbach,Ja,Caritas oder andere private Erhalter,,,,0,,,+437586 / 8155 - 0
40918,Spital am Pyhrn,Ja,Caritas oder andere private Erhalter,,,,0,,,+437563 / 255
40920,Steinbach an der Steyr,Ja,Caritas oder andere private Erhalter,,,,0,,,+437257 / 7203 - 13
40923,Windischgarsten,Ja,Caritas oder andere private Erhalter,,,,0,,,+437562 / 5255 - 0
41004,Eggendorf im Traunkreis,Ja,Caritas oder andere private Erhalter,,,,0,,,+437228 / 7265
41009,Kematen an der Krems,Ja,Caritas oder andere private Erhalter,,,,0,,,+437228 / 7255
41013,Sankt Florian,Ja,Caritas oder andere private Erhalter,,,,0,,,+437224 / 4255
41014,Neuhofen an der Krems,Ja,Caritas oder andere private Erhalter,,,,0,,,+437227 / 4255
41018,Piberbach,Ja,Caritas oder andere private Erhalter,,,,0,,,+437228 / 8214
41020,Sankt Marien,Ja,Caritas oder andere private Erhalter,,,,0,,,+437227 / 8155
41022,Wilhering,Ja,Caritas oder andere private Erhalter,,,,0,,,+437226 / 2255
41105,Grein,Ja,Caritas oder andere private Erhalter,,,,0,,,+437268 / 255
41106,Katsdorf,Ja,Caritas oder andere private Erhalter,,,,0,,,+437235 / 881 55 10
41118,Ried in der Riedmark,Ja,Caritas oder andere private Erhalter,,,,0,,,+437238 / 2055
41120,Sankt Georgen an der Gusen,Ja,Caritas oder andere private Erhalter, ,,,0,,,+437237 / 2255
41203,Aurolzmünster,Ja,Caritas oder andere private Erhalter,,,,0,,,+437752 / 83055
41223,Pramet,Ja,Caritas oder andere private Erhalter,,,,0,,,+437754 / 8450
41228,Sankt Martin im Innkreis,Ja,Caritas oder andere private Erhalter,,,,0,,,+437751 / 8255 - 0
41304,Altenfelden,Ja,Caritas oder andere private Erhalter,,,,0,,,+437282 / 5555
41309,Haslach an der Mühl,Ja,Caritas oder andere private Erhalter,,,,0,,,+437289 / 71 7 50 - 0
41316,Kleinzell im Mühlkreis,Ja,Caritas oder andere private Erhalter,,,,0,,,+437282 / 5355 - 0
41320,Nebelberg,Ja,Caritas oder andere private Erhalter,,,,0,,,+437287 / 7640
41328,Putzleinsdorf,Ja,Caritas oder andere private Erhalter,,,,0,,,+437286 / 8276 - 0
41332,Sankt Martin im Mühlkreis,Ja,Caritas oder andere private Erhalter,,,,0,,,+437232 / 2105 - 0
41342,Ulrichsberg,Ja,Caritas oder andere private Erhalter,,,,0,,Caritas-Kindergarten,+437288 / 7031
41406,Eggerding,Ja,Caritas oder andere private Erhalter,,,,0,,,+437767 / 7007 - 0
41411,Kopfing im Innkreis,Ja,Caritas oder andere private Erhalter,,,,0,,,+437763 / 2205
41423,Schardenberg,Ja,Caritas oder andere private Erhalter,,,,0,,,+437713 / 70 55
41502,Aschach an der Steyr,Ja,Caritas oder andere private Erhalter,,,,0,,,+437259 / 3412 - 0
41503,Bad Hall,Ja,Caritas oder andere private Erhalter,,,,0,,,+437258 / 77 55 - 0
41506,Garsten,Ja,Caritas oder andere private Erhalter,,,,0,,,+437252 / 53 3 07
41507,Großraming,Ja,Caritas oder andere private Erhalter,,,,0,,,+437254 / 7575
41511,Pfarrkirchen bei Bad Hall,Ja,Caritas oder andere private Erhalter,,,,0,,Caritas Kindergarten,+437258 / 2433
41517,Ternberg,Ja,Caritas oder andere private Erhalter,,,,0,,,+437256 / 6001
41518,Waldneukirchen,Ja,Caritas oder andere private Erhalter,,,,0,,,+437258 / 3812
41602,Altenberg bei Linz,Ja,Caritas oder andere private Erhalter,,,,0,,,+437230 / 7255
41603,Bad Leonfelden,Ja,Caritas oder andere private Erhalter,,,,0,,,+437213 / 6565
41611,Hellmonsödt,Ja,Caritas oder andere private Erhalter,,,,0,,,+437215 / 2255
41622,Schenkenfelden,Ja,Caritas oder andere private Erhalter,,,,0,,,+437214 / 7005
41704,Atzbach,Ja,Caritas oder andere private Erhalter,,,,0,,,+437676 / 8415
41705,Aurach am Hongar,Ja,Caritas oder andere private Erhalter,,,,0,,,+437662 / 6311
41706,Berg im Attergau,Ja,Caritas oder andere private Erhalter,,,,0,,,+437667 / 6445
41707,Desselbrunn,Ja,Caritas oder andere private Erhalter,,,,0,,,+437673 / 3713
41708,Fornach,Ja,Caritas oder andere private Erhalter,,,,0,,,+437682 / 5505
41710,Frankenmarkt,Ja,Caritas oder andere private Erhalter,,,,0,,,+437684 / 6255
41715,Mondsee,Ja,Caritas oder andere private Erhalter,,,,0,,,+436232 / 2203 - 0
41717,Niederthalheim,Ja,Caritas oder andere private Erhalter,,,,0,,,+437673 / 7055
41726,Pöndorf,Ja,Caritas oder andere private Erhalter,,,,0,,,+437684 / 7113
41730,Redlham,Ja,Caritas oder andere private Erhalter,,,,0,,,+437674 / 62 2 79
41731,Regau,Ja,Caritas oder andere private Erhalter,,,,0,,,+437672 / 23 1 02
41736,Schlatt,Ja,Caritas oder andere private Erhalter,,,,0,,,+437673 / 2355
41737,Schörfling am Attersee,Ja,Caritas oder andere private Erhalter,,,,0,,,+437662 / 3255 - 0
41738,Schwanenstadt,Ja,Caritas oder andere private Erhalter,,,,0,,,+437673 / 2255
41744,Ungenach,Ja,Caritas oder andere private Erhalter,,,,0,,,+437672 / 8012
41747,Vöcklamarkt,Ja,Caritas oder andere private Erhalter,,,,0,,,+437682 / 2655 - 0
41750,Wolfsegg am Hausruck,Ja,Caritas oder andere private Erhalter,,,,0,,,+437676 / 7355
41751,Zell am Moos,Ja,Caritas oder andere private Erhalter,,,,0,,,+436234 / 8215
41752,Zell am Pettenfirst,Ja,Caritas oder andere private Erhalter,,,,0,,,+437675 / 2355
41815,Pennewang,Ja,Caritas oder andere private Erhalter,,,,0,,,+437245 / 26 1 55
41816,Pichl bei Wels,Ja,Caritas oder andere private Erhalter,,,,0,,,+437247 / 8555 - 0
41817,Sattledt,Ja,Caritas oder andere private Erhalter,,,,0,,,+437244 / 8854 - 0
41820,Stadl-Paura,Ja,Caritas oder andere private Erhalter,,,,0,,,+437245 / 28 0 11
41821,Steinerkirchen an der Traun,Ja,Caritas oder andere private Erhalter,,,,0,,,+437241 / 2255 0
41822,Steinhaus,Ja,Caritas oder andere private Erhalter,,,,0,,,+437242 / 27455
41823,Thalheim bei Wels,Ja,Caritas oder andere private Erhalter,,,,0,,,+437242 / 47074 - 0
40506,Hartkirchen,Ja,Caritas oder andere private Erhalter,,,,0,,,+437273 / 8956
41114,Naarn im Machlande,Ja,Caritas oder andere private Erhalter,,,,0,,,+437262 / 58 2 55
40403,Auerbach,Nein,keine Betreuung/Kooperation,,,,0,,Kinder besuchen den Kindergarten in Jeging.,+437747 / 5215
40408,Franking,Nein,keine Betreuung/Kooperation,,,,0,,Keine Nachmittagsbetreuung verfügbar.,+436277 / 8114
40411,Haigermoos,Nein,keine Betreuung/Kooperation,,,,0,,Nachmittagsbetreuung in Kooperation mit Franking.,+436277 / 8103
40417,Kirchberg bei Mattighofen,Nein,keine Betreuung/Kooperation,,,,0,,,+437747 / 4002
40420,Maria Schmolln,Nein,keine Betreuung/Kooperation,,0,0,0,,,+437743 / 2255
40423,Mining,Nein,keine Betreuung/Kooperation,,,,0,,,+437723 / 7055
40429,Palting,Nein,keine Betreuung/Kooperation,,,,0,,"Keine Nachmittagsbetreuung verfügbar. Tagesmutter übernimmt diese Rolle, war immer schon kostenpflichtig.",+436217 / 7124
40432,Pischelsdorf am Engelbach,Nein,keine Betreuung/Kooperation,41,0,0,0,,keine Nachmittagsbetreuung,+437742 / 7415 - 0
40433,Polling im Innkreis,Nein,keine Betreuung/Kooperation,,0,0,0,,keine Nachmittagsbetreuung,+437723 / 6505
40435,Sankt Georgen am Fillmannsbach,Nein,keine Betreuung/Kooperation,,,,0,,"kein Kindergarten, Koopearation mit Hadenberg",+437748 / 8075
40436,Sankt Johann am Walde,Nein,keine Betreuung/Kooperation,,,,0,,"Keine Nachmittagsbetreuung verfügbar
",+437743 / 8600
40440,Sankt Veit im Innkreis,Nein,keine Betreuung/Kooperation,,,,0,,Kein eigener Kindergarten - Kinder gehen in Roßbach in den Kindergarten.,+437723 / 6113
40442,Schwand im Innkreis,Nein,keine Betreuung/Kooperation,,,,0,,"Kein Kindergarten, Kinder gehen nach Handenberg",+437728 / 7010
40444,Treubach,Nein,keine Betreuung/Kooperation,,,,0,,Zu kleine Gemeinde für Nachmittagsbetreuung. Tagesmütter verfügbar.,+437724 / 8055
40445,Überackern,Nein,keine Betreuung/Kooperation,,,,0,,Nachmittagsbetreuung wird in der Gemeinde Hochburg-Ach geführt.,+437727 / 2912
40505,Haibach ob der Donau,Nein,keine Betreuung/Kooperation,,,,0,,keine Nachmittagsbetreuung,+437279 / 8235
40509,Pupping,Nein,keine Betreuung/Kooperation,,,,0,,"Kein Kindergarten, Kinder gehen in Eferding in den Kindergarten",+437272 / 2331
40512,Stroheim,Nein,keine Betreuung/Kooperation,,,,0,,Keine Nachmittagsbetreuung. Bedarfserhebung für Tagesmütter- bzw. -väter läuft,+437272 / 6255
40606,Kaltenberg,Nein,keine Betreuung/Kooperation,,,,0,,"Keine Betreuung, wurde getestet, aber kein Bedarf. Eine gemeldete Tagesmutter, aber ebenfalls kein Bedarf",+437956 / 7305
40613,Pierbach,Nein,keine Betreuung/Kooperation,,,,0,,Keine Nachmittagsbetreuung,+437267 / 8255
40616,Sandl,Nein,keine Betreuung/Kooperation,,,,0,,Keine Nachmittagsbetreuung,+437944 / 8255
40617,Sankt Leonhard bei Freistadt,Nein,keine Betreuung/Kooperation,,,,0,,Keine Nachmittagsbetreuung,+437952 / 8255
40715,Roitham,Nein,keine Betreuung/Kooperation,,,,0,,,+437613 / 5155 - 0
40804,Eschenau im Hausruckkreis,Nein,keine Betreuung/Kooperation,,,,0,,Kooperation mit Grieskirchen,+437278 / 3215
40823,Rottenbach,Nein,keine Betreuung/Kooperation,,,,0,,keine Nachmittagsbetreuung,+437732 / 2755
40830,Tollet,Nein,keine Betreuung/Kooperation,,,,0,,"Kein Kindergarten, Kindergarten Grieskirchen übernimmt",+437248 / 62 401 - 2
40906,Klaus an der Pyhrnbahn,Nein,keine Betreuung/Kooperation,,,,0,,Keine Nachmittagsbetreuung (kein Bedarf) - Tagesmütter,+437585 / 255
40911,Oberschlierbach,Nein,keine Betreuung/Kooperation,,,,0,,keine Nachmittagsbetreuung,+437582 / 62019
40916,Sankt Pankraz,Nein,keine Betreuung/Kooperation,,,,0,,In der Gemeinde Klaus im Kindergarten,+437565 / 245 - 0
40919,Steinbach am Ziehberg,Nein,keine Betreuung/Kooperation,,,,0,,keine Nachmittagsbetreuung,+437582 / 7255
41121,Sankt Nikola an der Donau,Nein,keine Betreuung/Kooperation,,,,0,,,+437268 / 8155
41202,Antiesenhofen,Nein,keine Betreuung/Kooperation,,,,0,,keine Nachmittagsbetreuung,+437759 / 5255
41206,Geiersberg,Nein,keine Betreuung/Kooperation,,,,0,,Keine Nachmittagsbetreuung,+437732 / 2151
41208,Gurten,Nein,keine Betreuung/Kooperation,,,,0,,Keine Nachmittagsbetreuung,+437757 / 6055
41216,Mörschwang,Nein,keine Betreuung/Kooperation,,,,0,,Kinder gehen nach St. Georgen in Kindergarten.,+437758 / 2266
41217,Mühlheim am Inn,Nein,keine Betreuung/Kooperation,,,,0,,Keine Nachmittagsbetreuung,+437723 / 42 9 55
41221,Pattigham,Nein,keine Betreuung/Kooperation,,,,0,,Keine Nachmittagsbetreung,+437754 / 8455
41222,Peterskirchen,Nein,keine Betreuung/Kooperation,,,,0,,,+437750 / 3413 - 0
41229,Schildorn,Nein,keine Betreuung/Kooperation,,,,0,,,+437754 / 8030
41230,Senftenbach,Nein,keine Betreuung/Kooperation,,,,0,,Keine Nachmittagsbetreuung,+437751 /8245
41233,Utzenaich,Nein,keine Betreuung/Kooperation,,,,0,,Keine Nachmittagsbetreuung,+437751 / 8272 - 0
41236,Wippenham,Nein,keine Betreuung/Kooperation,,,,0,,"Kein eigener Kindergarten, Kinder sind in Senftenbach.",+437757 / 6614
41301,Afiesl,Nein,keine Betreuung/Kooperation,,,,0,,Zusammen mit St. Stefan am Walde und Vorderweißenbach,+437216 / 7010-0
41302,Ahorn,Nein,keine Betreuung/Kooperation,,,,0,,Kindergarten mit der Gemeinde Helfenberg,+437216 / 7013
41306,Atzesberg,Nein,keine Betreuung/Kooperation,,,,0,,Kindergarten in Sarleinsbach,+437283 / 8255
41311,Hörbich,Nein,keine Betreuung/Kooperation,,,,0,,Kinder gehen in Lembach in den Kindergarten,+437286 / 8255
41315,Klaffer am Hochficht,Nein,keine Betreuung/Kooperation,,,,0,,keine Nachmittagsbetreuung,+437288 / 7026 - 0
41319,Lichtenau im Mühlkreis,Nein,keine Betreuung/Kooperation,,,,0,,keine Nachmittagsbetreuung,+437289 / 71 5 55 - 0
41322,Niederkappel,Nein,keine Betreuung/Kooperation,,,,0,,Keine Nachmittagsbetreuung.,+437286 / 8555
41327,Pfarrkirchen im Mühlkreis,Nein,keine Betreuung/Kooperation,,,,0,,keine Nachmittagsbetreuung,+437285 / 415
41333,Sankt Oswald bei Haslach,Nein,keine Betreuung/Kooperation,,,,0,,keine Nachmittagsbetreuung,+437289 / 71 5 55 - 0
41336,Sankt Ulrich im Mühlkreis,Nein,keine Betreuung/Kooperation,,,,0,,Kinder gehen in Niederwaldkirchen und St. Peter in den Kindergarten,+437282 / 6213
41341,Schwarzenberg am Böhmerwald,Nein,keine Betreuung/Kooperation,,,,0,,Kinder gehen in Klaffer in den Kindergarten.,+437280 / 255 - 0
41407,Engelhartszell,Nein,keine Betreuung/Kooperation,,,,0,,"Nachmittagsbetreuung mit Tagesmutter, die schon davor kostenpflichtig war. ",+437717 / 8055 - 0
41408,Enzenkirchen,Nein,keine Betreuung/Kooperation,,,,0,,,+437762 / 3215
41412,Mayrhof,Nein,keine Betreuung/Kooperation,,,,0,,Kein Kindergarten,+437767 / 215
41415,Rainbach im Innkreis,Nein,keine Betreuung/Kooperation,,,,0,,Nachmittagsbetreuung immer schon von privater Tagesmutter (4 Kinder momentan) - keine Änderung,+437716 / 8013
41420,Sankt Roman,Nein,keine Betreuung/Kooperation,,,,0,,keine Nachmittagsbetreuung,+437716 / 7359
41421,Sankt Willibald,Nein,keine Betreuung/Kooperation,,,,0,,keine Nachmittagsbetreuung,+437762 / 2815
41425,Suben,Nein,keine Betreuung/Kooperation,,,,0,,keine Nachmittagsbetreuung,+437711 / 2255
41427,Vichtenstein,Nein,keine Betreuung/Kooperation,,,,0,,Keine Nachmittagsbetreuung,+437714 / 8055
41428,Waldkirchen am Wesen,Nein,keine Betreuung/Kooperation,,,,0,,Keine Nachmittagsbetreuung,+437718 / 7255 - 0
41429,Wernstein am Inn,Nein,keine Betreuung/Kooperation,,,,0,,keine Nachmittagsbetreuung,+437713 / 7000 - 0
41505,Gaflenz,Nein,keine Betreuung/Kooperation,,,,0,,keine Nachmittagsbetreuung,+437353 / 205
41509,Losenstein,Nein,keine Betreuung/Kooperation,,,,0,,keine Nachmittagsbetreuung,+437255 / 6000 - 0
41610,Haibach im Mühlkreis,Nein,keine Betreuung/Kooperation,,,,0,,Kinder gehen in Reichenau im Mühlkreis in den Kiga,+437211 / 8255 - 0
41616,Ottenschlag im Mühlkreis,Nein,keine Betreuung/Kooperation,,,,0,,Kinder sind in Reichenau im Mühlkreis,+437211 / 8255 - 0
41623,Sonnberg im Mühlkreis,Nein,keine Betreuung/Kooperation,,,,0,,Kinder sind in Hellmonsödt und Zwettl,+437212 / 6565
41712,Innerschwand am Mondsee,Nein,keine Betreuung/Kooperation,,,,0,,keine Nachmittagsbetreuung,+436232 / 2265
41714,Manning,Nein,keine Betreuung/Kooperation,,,,0,,kein eigener Kindergarten,+437676 / 7275 - 0
41724,Pilsbach,Nein,keine Betreuung/Kooperation,,,,0,,keine Nachmittagsbetreuung,+437672 / 72 2 40
41725,Pitzenberg,Nein,keine Betreuung/Kooperation,,,,0,,"Gemeinde ist in einem Verwaltungszentrum mit Oberndorf bei Schwanenstadt, Pühret und Rutzenham, Kinder gehen in Oberndorf und Rutzenham in den Kindergarten!",+437673 / 2445
41728,Pühret,Nein,keine Betreuung/Kooperation,,,,0,,Kinder gehen in Rutzenham in den Kindergarten.,+437673 / 2445
41729,Redleiten,Nein,keine Betreuung/Kooperation,,,,0,,Kinder gehen in Frankenburg am Hausruck in den Kindergarten.,+437683 / 8355
41802,Bachmanning,Nein,keine Betreuung/Kooperation,,,,0,,"Kooperation zwischen Aichkirchen, Neukirchen, Bachmanning",+437735 / 6655
40904,Inzersdorf im Kremstal,Nein,Caritas oder andere private Erhalter,,,,0,,keine Auskunft,+437582 / 81518
41111,Mauthausen,Nein,Caritas oder andere private Erhalter,,,,0,,,+437238 / 2255 - 0
41116,Perg,Nein,Caritas oder andere private Erhalter,,,,0,,,+437262 / 52 2 55 - 0
41235,Weilbach,Nein,Caritas oder andere private Erhalter,,,,0,,Nachmittagsbetreuung schon zuvor von privaten Tagesmüttern geregelt,+437757 / 6355
41418,Sankt Florian am Inn,Nein,Caritas oder andere private Erhalter,,,,0,,,+437712 / 3021
41521,Wolfern,Nein,Caritas oder andere private Erhalter,,,,0,,,+437253 / 8255
41740,Steinbach am Attersee,Nein,Caritas oder andere private Erhalter,,,,0,,,+437663 / 255 - 0
40820,Pötting,Nein,keine Betreuung/Kooperation,,,,0,,keine Nachmittagsbetreuung,+437733 / 7285
40828,Steegen,Nein,Alles da,26,7,8,1,14.28571429,"25 Kinder in Peuerbach, 1 in Bruck (gesamt). Eine Abmeldung mit Februar, aber auch zwei Neuanmeldungen",+437276 / 2301 - 0
41307,Auberg,Nein,Alles da,20,11,10,1,9.090909091,Grund der Abmeldung: Gebühren,+437282 / 7900
41314,Kirchberg ob der Donau,Nein,Alles da,30,6,7,1,16.66666667,,+437282 / 4601
40814,Meggenhofen,Nein,Alles da,57,14,17,3,21.42857143,,+437247 / 7110
41749,Weyregg am Attersee,Nein,keine Auskunft,,,,3.5,,,+437664 / 2255 - 0
41212,Lambrechten,Nein,Alles da,33,10,14,4,40,,+437765 / 215
41404,Diersbach,Nein,Alles da,34,,11,11,,"Es gibt keine reguläre Betreuung, sondern eine ""Mäusschengruppe."" Diese wird bis zum Sommer von der Gemeinde finanziert wird. Sonst hätte der Kindergarten schließen müssen. Es sind zu wenige Kinder als dass es gesetzlich als Kinderbetreuungsanstalt gilt.",+437719 / 7392
41702,Attersee am Attersee,Nein,Alles da,38,10,9,,0,,+437666 / 7755
40608,Königswiesen,Nein,keine Auskunft,,,,,,,+437955 / 6255 - 0
41803,Bad Wimsbach-Neydharting,Nein,keine Auskunft,,,,,,,+437245 / 25 0 55 - 0
41008,Hofkirchen im Traunkreis,Ja,Caritas oder andere private Erhalter,,,,,,,+437225 / 7272
40410,Gilgenberg am Weilhart,Nein,keine Betreuung/Kooperation,,,,,,,+437728 / 8012